{"seoul":{"n":4131,"bounds":[35.18848,126.5116,37.6915,128.9904]},"busan":{"n":2312,"bounds":[34.14584,126.07926,37.55312,130.02219]},"daegu":{"n":1675,"bounds":[35.00263,126.80674,37.57872,128.87578]},"incheon":{"n":2476,"bounds":[37.02725,124.6225,38.4577,127.7192]},"gwangju":{"n":1092,"bounds":[35.06071,126.66653,35.2446,127.00945]},"daejeon":{"n":1358,"bounds":[36.21547,127.25674,36.47488,127.49929]},"ulsan":{"n":746,"bounds":[35.29438,126.83318,37.55312,129.4631]},"gyeonggi":{"n":6817,"bounds":[36.91449,126.39387,38.60687,128.3802]},"gangwon":{"n":3662,"bounds":[34.71685,126.00239,38.58663,130.95307]},"chungbuk":{"n":1826,"bounds":[34.14521,126.814,37.878,128.9]},"etc":{"n":9,"bounds":[35.33381,126.96755,36.99252,129.02192]},"chungnam":{"n":1871,"bounds":[36.00722,126.06613,37.5587,127.5171]},"jeonbuk":{"n":2338,"bounds":[35.32656,125.98179,36.13808,127.87754]},"jeonnam":{"n":3418,"bounds":[34.0198,125.43484,37.56671,127.81259]},"gyeongbuk":{"n":4395,"bounds":[35.18848,126.80674,37.72613,130.93767]},"gyeongnam":{"n":4056,"bounds":[34.04744,126.80674,37.57872,129.18823]},"sejong":{"n":470,"bounds":[36.4,127.13,36.73128,127.38558]},"jeju":{"n":698,"bounds":[33.11396,126.16519,34.00912,126.96659]}}