{"seoul":{"n":2067,"bounds":[35.18848,126.5116,37.6915,128.9904]},"busan":{"n":2017,"bounds":[34.14584,126.07926,37.55312,130.02219]},"daegu":{"n":1125,"bounds":[35.00263,126.80674,37.57872,128.87578]},"incheon":{"n":2192,"bounds":[37.02725,124.6225,38.4577,127.7192]},"gwangju":{"n":828,"bounds":[35.06071,126.66653,35.2407,126.99861]},"daejeon":{"n":558,"bounds":[36.23273,127.28863,36.47407,127.49929]},"ulsan":{"n":413,"bounds":[35.29438,126.83318,37.55312,129.4631]},"gyeonggi":{"n":4892,"bounds":[36.91449,126.39387,38.60687,128.3802]},"gangwon":{"n":2895,"bounds":[34.71685,126.00239,38.58663,130.95307]},"chungbuk":{"n":1204,"bounds":[34.14521,126.814,37.878,128.9]},"etc":{"n":8,"bounds":[35.40354,126.96755,36.99252,129.02192]},"chungnam":{"n":891,"bounds":[36.1543,126.06613,37.5587,127.27383]},"jeonbuk":{"n":1382,"bounds":[35.32656,126.00454,36.12191,127.87754]},"jeonnam":{"n":1008,"bounds":[34.39484,126.30716,37.56671,127.7702]},"gyeongbuk":{"n":3937,"bounds":[35.18848,126.80674,37.72613,130.93767]},"gyeongnam":{"n":2719,"bounds":[34.04744,126.80674,37.57872,128.9904]},"sejong":{"n":102,"bounds":[36.4,127.13,36.722,127.37112]},"jeju":{"n":384,"bounds":[33.11396,126.17104,33.48189,126.93512]}}